"","Bonus","Insured","Claims","Payment"
"1",1,525.550195439739,62.5048859934853,282921.993485342
"2",2,451.075448717949,34.2339743589744,163316.625
"3",3,397.473741935484,24.9741935483871,122656.174193548
"4",4,360.386709677419,20.3516129032258,98498.1193548387
"5",5,437.393610223642,22.8210862619808,108790.504792332
"6",6,805.81673015873,39.9428571428571,197723.819047619
"7",7,4620.37276190476,157.222222222222,819322.476190476
