"","Kilometres","Zone","Bonus","Make","Insured","Claims","Payment","P_Standard_Residual","P_Large_Residual","P_Cooks_Distance"
"9",1,1,1,9,9998.46,1704,6805992,18.8690848456941,TRUE,3.25589087066356
"252",1,4,7,9,127687.27,2894,15540162,-9.30181287298135,TRUE,1.92333012236913
"691",2,4,7,9,121293.07,3338,18245026,-14.5289363270325,TRUE,3.29481786063114
