"","Kilometres","Zone","Bonus","Make","Insured","Claims","Payment","C_Standard_Residual","C_Large_Residual","C_Cooks_Distance"
"9",1,1,1,9,9998.46,1704,6805992,-18.1313353288378,0,2.31276905665202
"252",1,4,7,9,127687.27,2894,15540162,10.9051071454774,1,2.43345750849437
"691",2,4,7,9,121293.07,3338,18245026,16.3437730190915,1,7.61921175991479
