"","Kilometres","Zone","Bonus","Make","Insured","Claims","Payment"
"Kilometres",1,-0.0139282487345518,0.0072056686469397,-0.00267677577471972,-0.329020537619826,-0.264260358977415,-0.242175378938208
"Zone",-0.0139282487345518,1,0.0116743057702898,-0.00518945072974837,-0.32006147966414,-0.386822151645857,-0.363448800812317
"Bonus",0.0072056686469397,0.0116743057702898,1,0.00215713114298278,0.351140512567227,0.197772713453046,0.202057954263473
"Make",-0.00267677577471972,-0.00518945072974837,0.00215713114298278,1,0.111041074891063,0.112388464101357,0.118208633786172
"Insured",-0.329020537619826,-0.32006147966414,0.351140512567227,0.111041074891063,1,0.93333670984612,0.903032147363356
"Claims",-0.264260358977415,-0.386822151645857,0.197772713453046,0.112388464101357,0.93333670984612,1,0.962443275416547
"Payment",-0.242175378938208,-0.363448800812317,0.202057954263473,0.118208633786172,0.903032147363356,0.962443275416547,1
