"","Kilometres","Zone","Bonus","Make","Insured","Claims","Payment"
"Kilometres",NA,0.51551560457836,0.736567859409903,0.900550616632673,0,0,0
"Zone",0.51551560457836,NA,0.585729520687284,0.808569609352404,0,0,0
"Bonus",0.736567859409903,0.585729520687284,NA,0.919783820633573,0,0,0
"Make",0.900550616632673,0.808569609352404,0.919783820633573,NA,0.00000019923124683352,0.000000141298537315038,0.0000000305927783106341
"Insured",0,0,0,0.00000019923124683352,NA,0,0
"Claims",0,0,0,0.000000141298537315038,0,NA,0
"Payment",0,0,0,0.0000000305927783106341,0,0,NA
