"","Location","Claims","Payment"
"1","Vittangi",156.824880587275,805192.095027467
"2","Halmstad",380.323138049906,1891950.46429539
"3","Uppsala (lower)",569.728368689308,2951235.88293411
"4","Uppsala (higher)",822.008712452807,4260746.34876611
