"","Location","Current Claim","Predicted New Claims","Claim Increase %age","Current Payment","Predicted New Payment","Payment Increase %age"
"1830","Vittangi",3,156.824880587275,5127.49601957584,8813,805192.095027467,9036.41319672605
"952","Halmstad",283,374.030708020225,32.1663279223411,1188075,1867116.00160428,57.154725215519
"658","Uppsala (lower)",2,569.728368689308,28386.4184344654,1916,2951235.88293411,153931.100361905
"658.1","Uppsala (higher)",2,822.008712452807,41000.4356226404,1916,4260746.34876611,222277.158077563
